4804,怀集音乐之声
20500149,两广之声音乐台
1649,河北音乐广播
4938,江苏经典流行音乐
4915,清晨音乐台
273,上海流行音乐LoveRadio
1260,广东音乐之声
1223,怀旧好声音
274,上海动感101
839,哈尔滨音乐广播
2803,苏州音乐广播
5022107,动听音乐台
5021381,959年代音乐怀旧好声音
15318569,AsiaFM 亚洲粤语台
5022308,500首华语经典
1283,江门旅游之声
4875,FM950广西音乐台
20500150,顺德音乐之声
1936,FM954汽车音乐广播
332,北京音乐广播
4866,浙江音乐调频
4932,山西音乐广播
1271,深圳飞扬971
20211686,成都年代音乐怀旧好声音
1739,厦门音乐广播
20462,经典调频北京FM969
20240,山东经典音乐广播
20500066,年代音乐1022
2779,无锡音乐广播
1206,流行音乐先锋·90My Radio
267,上海经典947
1111,四川城市之音
20212426,崂山921
1296,湖北经典音乐广播
20003,天津TIKI FM100.5
4237,长沙FM101.7城市之声
4936,江苏音乐广播PlayFM897
5021743,汽车音乐台
1612,西安音乐广播
1665,山东音乐广播
4850,长春广播电视台 FM88.0
1947,安徽音乐广播
470,广东广播电视台珠江之声
20847,FM88.6长沙音乐广播
1886,内蒙古音乐之声
1802,江西音乐广播
1208,河南音乐广播
20210755,星河音乐
5021523,惠州音乐广播
15318146,杭州FM90.7
647,重庆音乐广播
15318703,欧美音乐88.7
20769,南宁经典1049
1289,楚天音乐广播
21209,东莞音乐广播
4969,黑龙江音乐广播
15318341,AsiaFM HD音乐台
4963,南京音乐广播
5022474,武安融媒综合广播
21275,南通音乐广播
4873,陕西音乐广播
20211619,怀旧音乐广播895
1136,嘉兴音乐广播
20212227,经典FM1008
4981,芒果时空音乐台
5022023,上海KFM981
20207761,80后音悦台
20211638,定州交通音乐广播
1297,武汉经典音乐广播
1149,1003温州音乐之声
1671,济南音乐广播FM88.7
1654,石家庄音乐广播
5021912,AsiaFM 亚洲经典台
1084,大连1067
1892,包头汽车音乐广播
1110,四川岷江音乐广播
5022405,AsiaFM 亚洲音乐台
1831,就爱927 Love Radio
4581,亚洲音乐成都FM96.5
20033,1047 Nice FM
4846,893音乐广播
4930,FM102.2亲子智慧电台
20071,AsiaFM 亚洲天空台
4923,徐州音乐广播FM91.9
20211575,经典983电台
20026,郁南音乐台
1608,陕西故事广播·年代878
4878,海南音乐广播
4594,潮州交通音乐广播
1975,MUSIC876
2799,常州音乐广播
20500097,经典音乐广播FM94.8
5022391,Easy Fm
20212387,凤凰音乐
20067,贵州FM91.6音乐广播
4585,福建音乐广播
20500092,江西潮台969
5022050,FM89.1吴江综合广播
4029,新疆MIXFM1039
20211620,流行音乐广播999正青春
5021902,沧州音乐广播FM103.6
4979,89.3芒果音乐台
4885,陕西青少广播·好听1055
4871,唐山音乐广播
20500067,FM95.9清远交通音乐广播
20207781,眉山交通音乐广播
20500053,经典958
2811,湖州交通文艺广播
20091,中国校园之声
20835,秦皇岛音乐广播
4921,郑州音乐广播
5022520,盛京FM105.6
5022338,冰城1026哈尔滨古典音乐广播
1677,青岛音乐体育广播
5022610,察布查尔FM99.5
20207762,河南经典FM
1683,烟台音乐广播FM105.9
20440,新疆昌吉 FM103.3综合广播
20211678,廊坊飞扬105
1185,FM1026太原音乐广播
5020,滁州旅游交通广播
1142,宁波音乐广播私家车986
20500158,鱼佬音乐坊
20406,保定城市服务广播 1016为爱停留
4675,甘肃青春调频
5022382,FM898汽车音乐广播
20500187,云梦音乐台
1920,乌鲁木齐旅游音乐
20211679,吉林市音乐广播
1929,云南音乐广播
1144,台州音乐广播
4601,邯郸音乐广播
20500160,年代音乐FM88.9
15318294,宁夏音乐广播
20210756,天籁古典
2123,安阳1008音乐广播
20211631,涉县交通音乐广播
15318631,FM88.1潍坊音乐广播
20500163,湾区音乐台
20075,荆州音乐广播自在106.8
15318127,宝鸡音乐广播
4865,潍坊982广播电台
20211658,FM93.0霸州汽车音乐广播
20207760,90后潮流音悦台
20207763,民谣音乐台
5021801,张家口986音乐广播
1689,动感955
4864,乐山音乐交通广播FM100.5
21341,105.7滨州文艺音乐广播
5021461,濮阳经典调频1038
2805,扬州YESFM949
20210236,100.7重庆永川之声
4605,FM96.3镇江文艺广播
5022268,FM101.3西宁都市生活广播
20211587,双流FM1009空港之声
20010,海口WHIZRADIO音乐电台
20489,郴州综合广播
20211668,FM999 犀牛电台
4980,摩登音乐台
21001,新疆990音乐广播
20500208,AsiaFM 亚洲热歌台
20332,盐城广播FM88.2
5022407,经典流行1011
5021829,瓷都交通音乐广播
5021565,泸州音乐广播
15318612,FM90.7威海音乐广播
20500181,古典音乐厅
5062,Tiktok网络电台
5057,襄阳文化教育广播
15318194,金荔枝经典流行音乐
21231,南充交通音乐广播FM91.5
15318699,临泉交通音乐广播
21265,宿迁汽车音乐台
4035,楚雄音乐广播
20500153,CityFM城市音乐台
4998,萤火虫网络电台
5028,芜湖音乐故事广播
20500212,大庆音乐广播
5022063,孝感交通音乐广播
4913,乐享音乐
20207764,爵士FM
4942,FM94.5赣州交通音乐广播
21175,菏泽音乐广播
4910,103.9HappyRadio
20500104,肥乡人民广播电台
4025,绵阳音乐广播
20211707,上饶交通音乐广播
4017,临沂音乐广播
15318398,淮安经典992
20211652,阳泉最爱音乐台
20500136,南乐融媒广播
20500148,年代音乐994
20207765,摇滚天空台
5021731,FM881南安广播电视台综合广播
20211680,经典流行音乐动感904
4588,淮安FM104.2
5022380,盐城音乐广播
5022493,潞水之声音乐广播
21055,明星fm
21217,FM107.2长岛人民广播电台
21251,经典937天水音乐文艺广播
20500159,成都FM96.5
20207736,铜川音乐交通广播FM101.5
4874,贵阳广播电视台旅游生活广播
15318704,乌海交通音乐广播
20211597,FM104.4
4917,听梦想FM
20211627,交通933
5054,FM103.5绍兴音乐广播
20207776,黄冈交通音乐广播
20500161,Radio Impetus 心动电台
20500196,FM98.6城市音乐广播
20500117,岁月如歌940
5022719,恩施电台交通音乐频率
20500145,塔城市广播电视台FM104.2
15318519,声音控电台
20500202,年代995
20500146,宜昌魅力930
20500137,汽车音乐广播FM942
20206,濮阳FM1053快乐调频
20500091,吉安庐陵之声
20500194,FM928历城音乐广播
20500109,FM106峰峰人民广播电台
20500021,高源之声汽车音乐电台
20500152,动听980
20500197,年代882
20505,杭州华语之声
15318413,韩城交通音乐广播
15318300,AI潮流音乐台
20212391,FM93.1常德音乐广播
15318147,三明交通音乐广播 欢乐1056
20211667,FM98.0屯留广播
5021958,信阳音乐广播
15318549,FM88.2湘潭新闻综合广播
5021637,文山交通广播
5021481,株洲音乐广播
5021669,淮南音乐故事广播
20211563,玉溪交通旅游广播FM87.7
20212405,FM97.4广汉市广播电视台综合广播
5021761,晋城音乐广播魅力1021
21229,衡阳县融媒体中心综合广播FM105.6
